--
-- PostgreSQL database dump
--

-- Dumped from database version 14.13
-- Dumped by pg_dump version 14.13

-- Started on 2024-11-25 12:12:48

SET statement_timeout = 0;
SET lock_timeout = 0;
SET idle_in_transaction_session_timeout = 0;
SET client_encoding = 'UTF8';
SET standard_conforming_strings = on;
SELECT pg_catalog.set_config('search_path', '', false);
SET check_function_bodies = false;
SET xmloption = content;
SET client_min_messages = warning;
SET row_security = off;

SET default_tablespace = '';

SET default_table_access_method = heap;

--
-- TOC entry 214 (class 1259 OID 49441)
-- Name: stocks; Type: TABLE; Schema: public; Owner: postgres
--

CREATE TABLE public.stocks (
    id integer NOT NULL,
    tenant_id integer,
    product_name character varying(255) NOT NULL,
    quantity integer NOT NULL,
    updated_at timestamp without time zone DEFAULT CURRENT_TIMESTAMP
);


ALTER TABLE public.stocks OWNER TO postgres;

--
-- TOC entry 213 (class 1259 OID 49440)
-- Name: stocks_id_seq; Type: SEQUENCE; Schema: public; Owner: postgres
--

CREATE SEQUENCE public.stocks_id_seq
    AS integer
    START WITH 1
    INCREMENT BY 1
    NO MINVALUE
    NO MAXVALUE
    CACHE 1;


ALTER TABLE public.stocks_id_seq OWNER TO postgres;

--
-- TOC entry 3344 (class 0 OID 0)
-- Dependencies: 213
-- Name: stocks_id_seq; Type: SEQUENCE OWNED BY; Schema: public; Owner: postgres
--

ALTER SEQUENCE public.stocks_id_seq OWNED BY public.stocks.id;


--
-- TOC entry 210 (class 1259 OID 49409)
-- Name: tenants; Type: TABLE; Schema: public; Owner: postgres
--

CREATE TABLE public.tenants (
    id integer NOT NULL,
    name character varying(100) NOT NULL,
    domain character varying(100) NOT NULL,
    created_at timestamp without time zone DEFAULT CURRENT_TIMESTAMP
);


ALTER TABLE public.tenants OWNER TO postgres;

--
-- TOC entry 209 (class 1259 OID 49408)
-- Name: tenants_id_seq; Type: SEQUENCE; Schema: public; Owner: postgres
--

CREATE SEQUENCE public.tenants_id_seq
    AS integer
    START WITH 1
    INCREMENT BY 1
    NO MINVALUE
    NO MAXVALUE
    CACHE 1;


ALTER TABLE public.tenants_id_seq OWNER TO postgres;

--
-- TOC entry 3346 (class 0 OID 0)
-- Dependencies: 209
-- Name: tenants_id_seq; Type: SEQUENCE OWNED BY; Schema: public; Owner: postgres
--

ALTER SEQUENCE public.tenants_id_seq OWNED BY public.tenants.id;


--
-- TOC entry 212 (class 1259 OID 49419)
-- Name: users; Type: TABLE; Schema: public; Owner: postgres
--

CREATE TABLE public.users (
    id integer NOT NULL,
    tenant_id integer NOT NULL,
    username character varying(50) NOT NULL,
    email character varying(100) NOT NULL,
    password_hash text NOT NULL,
    created_at timestamp without time zone DEFAULT CURRENT_TIMESTAMP
);

ALTER TABLE ONLY public.users FORCE ROW LEVEL SECURITY;


ALTER TABLE public.users OWNER TO postgres;

--
-- TOC entry 211 (class 1259 OID 49418)
-- Name: users_id_seq; Type: SEQUENCE; Schema: public; Owner: postgres
--

CREATE SEQUENCE public.users_id_seq
    AS integer
    START WITH 1
    INCREMENT BY 1
    NO MINVALUE
    NO MAXVALUE
    CACHE 1;


ALTER TABLE public.users_id_seq OWNER TO postgres;

--
-- TOC entry 3348 (class 0 OID 0)
-- Dependencies: 211
-- Name: users_id_seq; Type: SEQUENCE OWNED BY; Schema: public; Owner: postgres
--

ALTER SEQUENCE public.users_id_seq OWNED BY public.users.id;


--
-- TOC entry 3178 (class 2604 OID 49444)
-- Name: stocks id; Type: DEFAULT; Schema: public; Owner: postgres
--

ALTER TABLE ONLY public.stocks ALTER COLUMN id SET DEFAULT nextval('public.stocks_id_seq'::regclass);


--
-- TOC entry 3174 (class 2604 OID 49412)
-- Name: tenants id; Type: DEFAULT; Schema: public; Owner: postgres
--

ALTER TABLE ONLY public.tenants ALTER COLUMN id SET DEFAULT nextval('public.tenants_id_seq'::regclass);


--
-- TOC entry 3176 (class 2604 OID 49422)
-- Name: users id; Type: DEFAULT; Schema: public; Owner: postgres
--

ALTER TABLE ONLY public.users ALTER COLUMN id SET DEFAULT nextval('public.users_id_seq'::regclass);


--
-- TOC entry 3338 (class 0 OID 49441)
-- Dependencies: 214
-- Data for Name: stocks; Type: TABLE DATA; Schema: public; Owner: postgres
--

COPY public.stocks (id, tenant_id, product_name, quantity, updated_at) FROM stdin;
16	1	Laptop	50	2024-11-25 11:57:42.581789
17	1	Mouse	200	2024-11-25 11:57:42.581789
18	1	Keyboard	120	2024-11-25 11:57:42.581789
19	1	Monitor	80	2024-11-25 11:57:42.581789
20	1	USB Cable	500	2024-11-25 11:57:42.581789
21	2	Smartphone	300	2024-11-25 11:57:42.581789
22	2	Tablet	150	2024-11-25 11:57:42.581789
23	2	Charger	400	2024-11-25 11:57:42.581789
24	2	Headphones	250	2024-11-25 11:57:42.581789
25	2	Power Bank	180	2024-11-25 11:57:42.581789
\.


--
-- TOC entry 3334 (class 0 OID 49409)
-- Dependencies: 210
-- Data for Name: tenants; Type: TABLE DATA; Schema: public; Owner: postgres
--

COPY public.tenants (id, name, domain, created_at) FROM stdin;
1	Tenant A	tenant-a.com	2024-11-21 15:00:20.597252
2	Tenant B	tenant-b.com	2024-11-21 15:00:20.597252
\.


--
-- TOC entry 3336 (class 0 OID 49419)
-- Dependencies: 212
-- Data for Name: users; Type: TABLE DATA; Schema: public; Owner: postgres
--

COPY public.users (id, tenant_id, username, email, password_hash, created_at) FROM stdin;
1	1	user1	user1@teant-a.com	hash1	2024-11-21 15:00:20.597252
2	2	user2	user2@tenant-b.com	hash2	2024-11-21 15:00:20.597252
\.


--
-- TOC entry 3349 (class 0 OID 0)
-- Dependencies: 213
-- Name: stocks_id_seq; Type: SEQUENCE SET; Schema: public; Owner: postgres
--

SELECT pg_catalog.setval('public.stocks_id_seq', 25, true);


--
-- TOC entry 3350 (class 0 OID 0)
-- Dependencies: 209
-- Name: tenants_id_seq; Type: SEQUENCE SET; Schema: public; Owner: postgres
--

SELECT pg_catalog.setval('public.tenants_id_seq', 2, true);


--
-- TOC entry 3351 (class 0 OID 0)
-- Dependencies: 211
-- Name: users_id_seq; Type: SEQUENCE SET; Schema: public; Owner: postgres
--

SELECT pg_catalog.setval('public.users_id_seq', 2, true);


--
-- TOC entry 3189 (class 2606 OID 49447)
-- Name: stocks stocks_pkey; Type: CONSTRAINT; Schema: public; Owner: postgres
--

ALTER TABLE ONLY public.stocks
    ADD CONSTRAINT stocks_pkey PRIMARY KEY (id);


--
-- TOC entry 3181 (class 2606 OID 49417)
-- Name: tenants tenants_domain_key; Type: CONSTRAINT; Schema: public; Owner: postgres
--

ALTER TABLE ONLY public.tenants
    ADD CONSTRAINT tenants_domain_key UNIQUE (domain);


--
-- TOC entry 3183 (class 2606 OID 49415)
-- Name: tenants tenants_pkey; Type: CONSTRAINT; Schema: public; Owner: postgres
--

ALTER TABLE ONLY public.tenants
    ADD CONSTRAINT tenants_pkey PRIMARY KEY (id);


--
-- TOC entry 3185 (class 2606 OID 49429)
-- Name: users users_email_key; Type: CONSTRAINT; Schema: public; Owner: postgres
--

ALTER TABLE ONLY public.users
    ADD CONSTRAINT users_email_key UNIQUE (email);


--
-- TOC entry 3187 (class 2606 OID 49427)
-- Name: users users_pkey; Type: CONSTRAINT; Schema: public; Owner: postgres
--

ALTER TABLE ONLY public.users
    ADD CONSTRAINT users_pkey PRIMARY KEY (id);


--
-- TOC entry 3191 (class 2606 OID 49448)
-- Name: stocks stocks_tenant_id_fkey; Type: FK CONSTRAINT; Schema: public; Owner: postgres
--

ALTER TABLE ONLY public.stocks
    ADD CONSTRAINT stocks_tenant_id_fkey FOREIGN KEY (tenant_id) REFERENCES public.tenants(id) ON DELETE CASCADE;


--
-- TOC entry 3190 (class 2606 OID 49430)
-- Name: users users_tenant_id_fkey; Type: FK CONSTRAINT; Schema: public; Owner: postgres
--

ALTER TABLE ONLY public.users
    ADD CONSTRAINT users_tenant_id_fkey FOREIGN KEY (tenant_id) REFERENCES public.tenants(id);


--
-- TOC entry 3332 (class 3256 OID 49438)
-- Name: users tenant_isolation_policy; Type: POLICY; Schema: public; Owner: postgres
--

CREATE POLICY tenant_isolation_policy ON public.users USING ((tenant_id = (current_setting('app.tenant_id'::text))::integer));


--
-- TOC entry 3331 (class 0 OID 49419)
-- Dependencies: 212
-- Name: users; Type: ROW SECURITY; Schema: public; Owner: postgres
--

ALTER TABLE public.users ENABLE ROW LEVEL SECURITY;

--
-- TOC entry 3345 (class 0 OID 0)
-- Dependencies: 210
-- Name: TABLE tenants; Type: ACL; Schema: public; Owner: postgres
--

GRANT ALL ON TABLE public.tenants TO test_user;


--
-- TOC entry 3347 (class 0 OID 0)
-- Dependencies: 212
-- Name: TABLE users; Type: ACL; Schema: public; Owner: postgres
--

GRANT ALL ON TABLE public.users TO test_user;


-- Completed on 2024-11-25 12:12:49

--
-- PostgreSQL database dump complete
--

